date,ticker,p20,p60,rank20,rank60,train_cutoff20,train_cutoff60
2026-09-21,000100,0.03448398446993854,0.03537523051341313,58,54,2025-11-27,2025-10-28
2026-09-21,000120,0.043490356919421484,0.055242476240390054,23,16,2025-11-27,2025-10-28
2026-09-21,000150,-0.045486343804423526,-0.028872043166464592,316,293,2025-11-27,2025-10-28
2026-09-21,000210,0.015492857791973562,0.009744737712273837,154,151,2025-11-27,2025-10-28
2026-09-21,000250,0.013450131426050395,0.025179457942083986,164,82,2025-11-27,2025-10-28
2026-09-21,000270,0.026789639137329638,0.01717428089616099,95,118,2025-11-27,2025-10-28
2026-09-21,000370,-0.025876756396190585,-0.014726102344024281,290,242,2025-11-27,2025-10-28
2026-09-21,000500,-0.07888178640048306,-0.19309203339595396,334,346,2025-11-27,2025-10-28
2026-09-21,000660,0.046174705860686435,0.03426278864796688,13,56,2025-11-27,2025-10-28
2026-09-21,000670,-0.018340309373316495,-0.0021088842649343896,267,200,2025-11-27,2025-10-28
2026-09-21,000720,-0.015175447452476086,-0.006232298070989893,262,221,2025-11-27,2025-10-28
2026-09-21,000810,0.01918193452473681,-0.026033254407300786,132,285,2025-11-27,2025-10-28
2026-09-21,000880,-0.0037768522005955066,-0.016720675402903777,231,254,2025-11-27,2025-10-28
2026-09-21,000990,-0.08889067049183709,-0.010876673372947239,338,232,2025-11-27,2025-10-28
2026-09-21,001040,0.02988891127641083,0.04440855790544115,79,29,2025-11-27,2025-10-28
2026-09-21,001120,0.03322292316022169,0.03282580269669552,64,60,2025-11-27,2025-10-28
2026-09-21,001430,-0.006429488915978919,0.015037846920391217,237,130,2025-11-27,2025-10-28
2026-09-21,001440,-0.00989121515488142,0.015988732881324387,248,126,2025-11-27,2025-10-28
2026-09-21,001450,0.005161666720689503,-0.029321017169236376,192,294,2025-11-27,2025-10-28
2026-09-21,001740,0.02406722708765256,-0.004333360701194624,106,206,2025-11-27,2025-10-28
2026-09-21,001820,-0.06833930179736857,-0.12487390179549926,328,343,2025-11-27,2025-10-28
2026-09-21,002380,0.024352433077211324,0.01533757352969333,104,128,2025-11-27,2025-10-28
2026-09-21,003160,-0.002449710418414516,-0.04902991144414253,224,317,2025-11-27,2025-10-28
2026-09-21,003230,0.023367495451042327,0.010685412359351372,112,148,2025-11-27,2025-10-28
2026-09-21,003380,0.025328198931374085,0.019674431878800507,98,104,2025-11-27,2025-10-28
2026-09-21,003490,0.018468818417795362,-0.015480041908221519,138,248,2025-11-27,2025-10-28
2026-09-21,003530,0.004805330934147137,0.024523953395079807,195,85,2025-11-27,2025-10-28
2026-09-21,003550,0.027206220953802474,0.028057835914451955,94,71,2025-11-27,2025-10-28
2026-09-21,003670,0.005077696894621931,0.0053633264474436376,194,170,2025-11-27,2025-10-28
2026-09-21,003690,0.028024636770518967,0.010198239630130345,87,150,2025-11-27,2025-10-28
2026-09-21,004020,-0.002083745579410785,-0.003455830330840857,222,204,2025-11-27,2025-10-28
2026-09-21,004170,0.038558550570080716,0.018029497048267628,43,111,2025-11-27,2025-10-28
2026-09-21,004370,0.020011174678942544,0.014096972799891175,126,134,2025-11-27,2025-10-28
2026-09-21,004490,-0.014446945443210651,-0.013080061488804279,259,239,2025-11-27,2025-10-28
2026-09-21,004800,-0.008863748966385612,0.013455719747048409,247,135,2025-11-27,2025-10-28
2026-09-21,004990,0.036166668880343096,0.02393386596925873,52,86,2025-11-27,2025-10-28
2026-09-21,005070,0.01362460311563052,0.007507324288155405,163,162,2025-11-27,2025-10-28
2026-09-21,005090,0.023609902167909435,-0.02936144045339064,109,295,2025-11-27,2025-10-28
2026-09-21,005180,0.0018514075444648547,-0.02498795496092178,210,281,2025-11-27,2025-10-28
2026-09-21,005290,0.014287344616865583,0.025495522092936915,162,80,2025-11-27,2025-10-28
2026-09-21,005380,0.041330741704003346,0.033871549104747455,33,58,2025-11-27,2025-10-28
2026-09-21,005440,-0.013829540403138933,0.00834737339452972,257,157,2025-11-27,2025-10-28
2026-09-21,005490,0.02996497222496887,0.013252654700376836,78,137,2025-11-27,2025-10-28
2026-09-21,005690,-0.035818134149776956,-0.002733588873364384,304,202,2025-11-27,2025-10-28
2026-09-21,005830,-0.0007028814747014785,-0.018473817816514238,216,262,2025-11-27,2025-10-28
2026-09-21,005850,0.041954864298138314,0.042908327407625894,28,32,2025-11-27,2025-10-28
2026-09-21,005880,0.015359666331208267,0.01650455497723308,155,122,2025-11-27,2025-10-28
2026-09-21,005930,0.033692587961748635,0.04279312400749299,63,33,2025-11-27,2025-10-28
2026-09-21,005940,0.03924642666995368,0.019270837640995686,39,106,2025-11-27,2025-10-28
2026-09-21,006110,0.02298451809062754,0.010600966946475304,116,149,2025-11-27,2025-10-28
2026-09-21,006260,-0.01978532852690882,-0.011746936290636239,275,234,2025-11-27,2025-10-28
2026-09-21,006340,-0.08562804418498682,-0.082774206173715,336,333,2025-11-27,2025-10-28
2026-09-21,006360,-0.007814477952831524,-0.04171473460406333,243,306,2025-11-27,2025-10-28
2026-09-21,006400,0.010816653528218744,0.012408165022909057,172,142,2025-11-27,2025-10-28
2026-09-21,006650,0.01748685098551027,0.022557535548927355,146,91,2025-11-27,2025-10-28
2026-09-21,006730,0.019307831720762923,0.031276621000747094,131,62,2025-11-27,2025-10-28
2026-09-21,006800,0.0338872896622256,0.017866327521691667,62,113,2025-11-27,2025-10-28
2026-09-21,007070,0.030657665968105936,0.006844321530426212,77,166,2025-11-27,2025-10-28
2026-09-21,007340,0.0341842152558213,0.011247081619661377,61,145,2025-11-27,2025-10-28
2026-09-21,007390,0.019319128956698548,0.016351125986215877,130,124,2025-11-27,2025-10-28
2026-09-21,007660,-0.02460060693938426,-0.019915417558711356,287,265,2025-11-27,2025-10-28
2026-09-21,007810,0.05056768158317624,0.05829146335336684,7,14,2025-11-27,2025-10-28
2026-09-21,008770,0.03533741766453032,0.04235709226327481,56,35,2025-11-27,2025-10-28
2026-09-21,008930,0.009805140667123437,-0.029566093344617014,175,296,2025-11-27,2025-10-28
2026-09-21,009150,-0.02347787581311356,-0.040270467726309246,281,304,2025-11-27,2025-10-28
2026-09-21,009420,0.03253551522844645,0.01919917276543846,66,107,2025-11-27,2025-10-28
2026-09-21,009540,0.01840507368585709,0.008572058933511633,140,155,2025-11-27,2025-10-28
2026-09-21,009830,0.01691538616001758,0.03951030132202379,148,44,2025-11-27,2025-10-28
2026-09-21,010060,0.042651946112627376,0.03957423484566592,26,42,2025-11-27,2025-10-28
2026-09-21,010120,-0.014963029824306612,-0.006008980965408276,261,218,2025-11-27,2025-10-28
2026-09-21,010130,0.03423151712655617,0.023392361359874762,60,88,2025-11-27,2025-10-28
2026-09-21,010140,0.013015135082719897,0.017143117537029802,165,119,2025-11-27,2025-10-28
2026-09-21,010170,-0.1083448685256073,-0.10315774230693417,346,339,2025-11-27,2025-10-28
2026-09-21,010950,-0.026242535767028338,-0.02458263840009222,292,278,2025-11-27,2025-10-28
2026-09-21,011070,0.06434408089720688,0.08714853379307937,1,1,2025-11-27,2025-10-28
2026-09-21,011170,-0.002841328753092075,-0.005417509118692465,226,213,2025-11-27,2025-10-28
2026-09-21,011200,0.029796059809967548,-0.006870618068348081,80,223,2025-11-27,2025-10-28
2026-09-21,011210,0.042930198605234844,0.040443271283871235,25,39,2025-11-27,2025-10-28
2026-09-21,011780,0.028532447169058242,0.015322618621942357,86,129,2025-11-27,2025-10-28
2026-09-21,011790,0.009623119519169108,0.022344239508207315,178,92,2025-11-27,2025-10-28
2026-09-21,012330,0.0345440679945209,0.027407807593494978,57,72,2025-11-27,2025-10-28
2026-09-21,012450,-0.0019818021315455314,0.006989319464018881,221,165,2025-11-27,2025-10-28
2026-09-21,0126Z0,0.028549981644713406,0.029510614000712795,85,65,2025-11-27,2025-10-28
2026-09-21,012750,0.022153042063902954,0.002687468094956767,120,180,2025-11-27,2025-10-28
2026-09-21,014620,-0.03149805089374159,-0.027098914884871764,298,287,2025-11-27,2025-10-28
2026-09-21,014680,0.01946775417201097,0.016643914422187312,129,121,2025-11-27,2025-10-28
2026-09-21,015760,0.018187611109649136,0.0389148812113521,141,48,2025-11-27,2025-10-28
2026-09-21,016360,0.031259745498504916,0.026147951730674433,73,77,2025-11-27,2025-10-28
2026-09-21,017670,0.047162389283945706,0.0427669007010702,12,34,2025-11-27,2025-10-28
2026-09-21,017800,0.05367372462882683,0.05104669762778207,5,21,2025-11-27,2025-10-28
2026-09-21,017900,-0.09528659244079749,-0.13952982653899937,342,344,2025-11-27,2025-10-28
2026-09-21,017960,0.0368489067881101,0.08198046673458122,48,4,2025-11-27,2025-10-28
2026-09-21,018260,0.01561482117184463,0.0056071364798452,153,169,2025-11-27,2025-10-28
2026-09-21,018880,0.04612570071775047,0.04224654030349779,14,36,2025-11-27,2025-10-28
2026-09-21,020150,-0.06396843772837069,-0.040226231307204346,326,303,2025-11-27,2025-10-28
2026-09-21,021240,0.010603024838521956,-0.015058097939082117,173,244,2025-11-27,2025-10-28
2026-09-21,022100,0.01783398963671967,0.007252421419028505,144,163,2025-11-27,2025-10-28
2026-09-21,023160,-0.024137000489762726,-0.0182026431543465,283,261,2025-11-27,2025-10-28
2026-09-21,023530,0.014909176850096066,0.00669641303810793,158,167,2025-11-27,2025-10-28
2026-09-21,024110,0.03589882491082386,0.02646502135314904,54,76,2025-11-27,2025-10-28
2026-09-21,028050,0.006078775679950238,-0.020753338089451363,188,270,2025-11-27,2025-10-28
2026-09-21,028260,0.020060314911272394,0.004510691847407445,124,173,2025-11-27,2025-10-28
2026-09-21,028300,-0.009952059867651276,-0.021011466597492066,249,272,2025-11-27,2025-10-28
2026-09-21,028670,0.002303134889878662,-0.024242495670289774,205,276,2025-11-27,2025-10-28
2026-09-21,029780,0.03903963329364359,0.045418391529197966,41,27,2025-11-27,2025-10-28
2026-09-21,030000,0.04391197436398524,0.0408296677273321,22,37,2025-11-27,2025-10-28
2026-09-21,030200,0.02275492010725507,-0.0017134906513857277,117,198,2025-11-27,2025-10-28
2026-09-21,030530,-0.07336055031433666,-0.11164308541145333,330,340,2025-11-27,2025-10-28
2026-09-21,031980,-0.013392387659026063,-0.060176581033641,254,325,2025-11-27,2025-10-28
2026-09-21,032350,0.041646471734389255,0.07409018297284069,29,5,2025-11-27,2025-10-28
2026-09-21,032500,-0.018453867260560832,-0.006207780418387061,268,220,2025-11-27,2025-10-28
2026-09-21,032640,0.02000629087476203,0.003562109463781841,127,175,2025-11-27,2025-10-28
2026-09-21,032820,-0.002154138373391555,-0.055293154310709136,223,322,2025-11-27,2025-10-28
2026-09-21,032830,0.01855689510941016,-4.1277661563594526e-05,137,192,2025-11-27,2025-10-28
2026-09-21,033100,0.010916006062864109,0.028454700946584238,170,70,2025-11-27,2025-10-28
2026-09-21,033640,-0.05043820274002792,-0.030462608363494053,321,297,2025-11-27,2025-10-28
2026-09-21,033780,0.040339773768877395,-0.0004546729414269324,36,194,2025-11-27,2025-10-28
2026-09-21,033790,-0.041624665018085566,-0.06585071989854306,312,327,2025-11-27,2025-10-28
2026-09-21,034020,-0.001691201971275203,0.01933298354807556,220,105,2025-11-27,2025-10-28
2026-09-21,034220,0.042023333750495134,0.05093949790721462,27,22,2025-11-27,2025-10-28
2026-09-21,034230,0.028610246455797343,0.05841900059263201,84,13,2025-11-27,2025-10-28
2026-09-21,034730,0.017922707972513503,0.0002541732306310518,142,191,2025-11-27,2025-10-28
2026-09-21,035250,0.02953147524122794,0.03018477410696399,81,63,2025-11-27,2025-10-28
2026-09-21,035420,0.04010272340680077,0.026134687496412883,37,78,2025-11-27,2025-10-28
2026-09-21,035720,0.041518690583268104,0.028996184553454193,31,67,2025-11-27,2025-10-28
2026-09-21,035760,0.005469207805151909,0.01914101634254049,191,108,2025-11-27,2025-10-28
2026-09-21,035900,0.05521763708404587,0.05305424555908841,4,19,2025-11-27,2025-10-28
2026-09-21,036460,0.04103345080691831,-0.004736442197504854,34,210,2025-11-27,2025-10-28
2026-09-21,036540,0.002093309429393451,-0.05448177384287893,207,320,2025-11-27,2025-10-28
2026-09-21,036570,0.036245865899033274,0.016937185565273374,51,120,2025-11-27,2025-10-28
2026-09-21,036810,-0.04766184817728019,-0.044331447142727874,318,310,2025-11-27,2025-10-28
2026-09-21,036930,-0.07085567637961253,-0.04337245843336969,329,309,2025-11-27,2025-10-28
2026-09-21,039030,-0.006928652896429496,-0.0025481177992043346,239,201,2025-11-27,2025-10-28
2026-09-21,039200,0.01758582355503902,0.016046015165330604,145,125,2025-11-27,2025-10-28
2026-09-21,039490,0.02726132199841356,0.029333189457013683,92,66,2025-11-27,2025-10-28
2026-09-21,041510,0.0068470348367114225,0.0028116567050647415,185,179,2025-11-27,2025-10-28
2026-09-21,041830,0.008823849783529715,-0.011766801239126328,180,235,2025-11-27,2025-10-28
2026-09-21,042660,0.024026699605956776,0.06144564080882693,107,11,2025-11-27,2025-10-28
2026-09-21,042700,-0.024027723039846422,-0.01705343245954121,282,255,2025-11-27,2025-10-28
2026-09-21,043260,-0.08789463059763468,-0.09242998678028855,337,337,2025-11-27,2025-10-28
2026-09-21,044490,-0.07430355863814567,-0.09031755061035299,331,335,2025-11-27,2025-10-28
2026-09-21,047040,-0.01135794174701187,-0.0007684487068366473,251,195,2025-11-27,2025-10-28
2026-09-21,047050,0.015080314613069351,0.026070909966808192,157,79,2025-11-27,2025-10-28
2026-09-21,047810,0.017110761777773216,0.017557668602049673,147,117,2025-11-27,2025-10-28
2026-09-21,048410,-0.00859713360082119,-0.018008220586151428,244,259,2025-11-27,2025-10-28
2026-09-21,050890,-0.03695763988561007,0.002609290429778335,309,181,2025-11-27,2025-10-28
2026-09-21,051600,0.0246097376801987,0.028492295703898527,103,69,2025-11-27,2025-10-28
2026-09-21,051900,0.014694297469082322,-0.02079847534717402,160,271,2025-11-27,2025-10-28
2026-09-21,051910,0.014698653550657328,0.011136274700701814,159,146,2025-11-27,2025-10-28
2026-09-21,052690,-0.02838227971996534,-0.025205969204506726,295,282,2025-11-27,2025-10-28
2026-09-21,053800,0.018810529961656525,0.00836845210650246,136,156,2025-11-27,2025-10-28
2026-09-21,055550,0.020442250908410647,0.009040584437481174,123,153,2025-11-27,2025-10-28
2026-09-21,056190,-0.006179287338629729,-0.02064723276998428,236,269,2025-11-27,2025-10-28
2026-09-21,058470,0.012614708652598715,0.035432322684187646,166,53,2025-11-27,2025-10-28
2026-09-21,058610,-0.01818788458774465,-0.020302370211520773,266,267,2025-11-27,2025-10-28
2026-09-21,059090,-0.02490289931113901,-0.0082392966457298,288,224,2025-11-27,2025-10-28
2026-09-21,060370,-0.00578611387405437,0.003426509674366795,234,177,2025-11-27,2025-10-28
2026-09-21,062040,-0.036375783428252824,0.0009784917069435278,306,189,2025-11-27,2025-10-28
2026-09-21,064290,-0.0388278468831039,-0.04648852603980422,310,313,2025-11-27,2025-10-28
2026-09-21,064350,0.022508063575170385,0.04364070625170949,118,30,2025-11-27,2025-10-28
2026-09-21,064400,0.01566127834758308,0.020735230147050174,152,99,2025-11-27,2025-10-28
2026-09-21,064760,-0.006119006961867618,-0.01720900788839562,235,256,2025-11-27,2025-10-28
2026-09-21,065350,0.0058564079808388425,0.03999488355255491,189,40,2025-11-27,2025-10-28
2026-09-21,066570,-0.011865848444641091,-0.011963905681392852,252,236,2025-11-27,2025-10-28
2026-09-21,066970,0.019056438816650402,0.004769095705147201,133,172,2025-11-27,2025-10-28
2026-09-21,067310,-0.02455939600223138,-0.025954118982865516,286,284,2025-11-27,2025-10-28
2026-09-21,068270,0.03431360025868298,0.02215534900696249,59,93,2025-11-27,2025-10-28
2026-09-21,068760,0.04159820313053564,0.039571735280501265,30,43,2025-11-27,2025-10-28
2026-09-21,069960,0.048717108977108674,0.046508900983055025,9,25,2025-11-27,2025-10-28
2026-09-21,071050,0.031617166887693934,0.01295932634807838,71,139,2025-11-27,2025-10-28
2026-09-21,071970,-0.008806258674850433,0.045271386801869457,246,28,2025-11-27,2025-10-28
2026-09-21,073240,-0.00729296926247636,-0.002886588495318544,240,203,2025-11-27,2025-10-28
2026-09-21,074600,0.016901421547824216,0.023597897901059883,149,87,2025-11-27,2025-10-28
2026-09-21,077970,0.0231010291642266,0.05200905677603099,115,20,2025-11-27,2025-10-28
2026-09-21,078600,0.02493652826843148,0.0299118611522134,102,64,2025-11-27,2025-10-28
2026-09-21,078930,0.008929294866381802,-0.024314770376791424,179,277,2025-11-27,2025-10-28
2026-09-21,079550,-0.002537841423807355,0.011733988271761015,225,143,2025-11-27,2025-10-28
2026-09-21,079900,-0.02122267711776411,-0.015872378239113815,278,249,2025-11-27,2025-10-28
2026-09-21,080220,-0.01463337491551688,-0.017490094105263764,260,257,2025-11-27,2025-10-28
2026-09-21,081660,0.027661172022622624,0.006672874954347532,89,168,2025-11-27,2025-10-28
2026-09-21,082740,-0.020654217238404222,-0.005772086520251417,277,216,2025-11-27,2025-10-28
2026-09-21,082920,0.008773421309929611,0.01829137254548284,181,110,2025-11-27,2025-10-28
2026-09-21,083450,-0.002978148836215487,0.0031865378045280207,228,178,2025-11-27,2025-10-28
2026-09-21,083650,-0.02626108418725184,0.0038342331260156357,293,174,2025-11-27,2025-10-28
2026-09-21,084370,-0.019316044715457763,-0.012411329319056159,272,237,2025-11-27,2025-10-28
2026-09-21,085620,-0.013436435278722868,-0.020617406877690612,255,268,2025-11-27,2025-10-28
2026-09-21,086280,0.011634863116061808,-0.006194686891304722,169,219,2025-11-27,2025-10-28
2026-09-21,086450,-0.01976324107282122,-0.010025675343586397,274,231,2025-11-27,2025-10-28
2026-09-21,086520,0.036983817886695136,0.046638049748306265,47,24,2025-11-27,2025-10-28
2026-09-21,086790,0.025116875059744866,0.017959356365060308,101,112,2025-11-27,2025-10-28
2026-09-21,087010,-0.01700824767621911,-0.00485212255811194,264,211,2025-11-27,2025-10-28
2026-09-21,088350,-0.003187581752793928,-0.015189528141724563,229,246,2025-11-27,2025-10-28
2026-09-21,088980,0.027985410509171877,0.020090982112510113,88,101,2025-11-27,2025-10-28
2026-09-21,089030,0.003949487154161107,-0.0002805591398258248,199,193,2025-11-27,2025-10-28
2026-09-21,089860,0.03221268312180193,0.039883357725910604,67,41,2025-11-27,2025-10-28
2026-09-21,089970,0.03177692176317551,0.03927679604625617,70,45,2025-11-27,2025-10-28
2026-09-21,090360,-0.001415787239248869,0.01299994249522755,219,138,2025-11-27,2025-10-28
2026-09-21,090430,0.005662820126569679,0.0012298668239164848,190,187,2025-11-27,2025-10-28
2026-09-21,090460,0.0005061818071345873,-0.009447632789891183,211,227,2025-11-27,2025-10-28
2026-09-21,090710,-0.0006415640196556334,-0.009182819861541675,215,226,2025-11-27,2025-10-28
2026-09-21,093370,-0.05678547824689054,-0.0493539318041394,324,318,2025-11-27,2025-10-28
2026-09-21,094170,0.01844538614788785,0.010755084069547316,139,147,2025-11-27,2025-10-28
2026-09-21,095340,-0.013699825891609771,-0.0049725547491071,256,212,2025-11-27,2025-10-28
2026-09-21,095610,-0.04051640303956088,-0.03547108328008602,311,302,2025-11-27,2025-10-28
2026-09-21,096530,0.0001425552584578629,-0.019532124714560704,212,264,2025-11-27,2025-10-28
2026-09-21,096770,-0.024292450719545333,-0.02306873574472685,285,275,2025-11-27,2025-10-28
2026-09-21,097230,0.00429576745992745,0.020304399189114912,197,100,2025-11-27,2025-10-28
2026-09-21,097950,0.042964571799386994,0.03797598393863268,24,49,2025-11-27,2025-10-28
2026-09-21,098460,0.00013847406011710073,-0.005449963370853979,213,214,2025-11-27,2025-10-28
2026-09-21,100090,0.023204062401413917,0.01779149060179494,114,115,2025-11-27,2025-10-28
2026-09-21,100790,-0.0258749118461096,-0.004195015508611014,289,205,2025-11-27,2025-10-28
2026-09-21,100840,-0.04335840123471459,-0.028360639117022232,315,291,2025-11-27,2025-10-28
2026-09-21,101490,-0.0033664479494034476,0.03285483997520665,230,59,2025-11-27,2025-10-28
2026-09-21,103140,-0.006736565623615177,0.00718920437178109,238,164,2025-11-27,2025-10-28
2026-09-21,103590,-0.03545295895253509,0.012445934785047248,303,141,2025-11-27,2025-10-28
2026-09-21,105560,0.03582884448931059,0.013268945659901304,55,136,2025-11-27,2025-10-28
2026-09-21,108320,0.030662516165813752,0.05642871442848943,76,15,2025-11-27,2025-10-28
2026-09-21,108490,-0.03438230887448183,-0.04719728571181199,300,315,2025-11-27,2025-10-28
2026-09-21,111770,0.04147061994131435,0.02192627682208165,32,94,2025-11-27,2025-10-28
2026-09-21,112610,0.007176362587741062,-0.009886217650378712,184,229,2025-11-27,2025-10-28
2026-09-21,115180,0.016583705242797175,-0.015022148043618138,151,243,2025-11-27,2025-10-28
2026-09-21,119850,-0.1069242281115775,-0.16061462415018737,345,345,2025-11-27,2025-10-28
2026-09-21,120110,-0.024150023891109054,0.0035257459959147,284,176,2025-11-27,2025-10-28
2026-09-21,122640,-0.059542920058268126,-0.018800254499979904,325,263,2025-11-27,2025-10-28
2026-09-21,122870,0.04056279272505995,0.037312825708111196,35,50,2025-11-27,2025-10-28
2026-09-21,124500,0.024149969327301832,-0.041230145979295266,105,305,2025-11-27,2025-10-28
2026-09-21,126340,-0.09556425372095242,-0.09744092748731012,343,338,2025-11-27,2025-10-28
2026-09-21,127120,-0.01934953447664131,-0.016144331154222164,273,251,2025-11-27,2025-10-28
2026-09-21,128940,-0.007740559871811464,-0.016083622113642948,242,250,2025-11-27,2025-10-28
2026-09-21,131290,0.014324875639974699,-0.027791562674685914,161,289,2025-11-27,2025-10-28
2026-09-21,131970,-0.06465342724573035,-0.08017893152692693,327,332,2025-11-27,2025-10-28
2026-09-21,137400,0.044548740408720554,0.07340342882326761,20,6,2025-11-27,2025-10-28
2026-09-21,138040,0.02350028385002765,-0.011203212990980633,111,233,2025-11-27,2025-10-28
2026-09-21,138930,0.037173543687587615,0.024980843091260422,46,83,2025-11-27,2025-10-28
2026-09-21,139130,0.039066924010565926,0.0021603115828519406,40,183,2025-11-27,2025-10-28
2026-09-21,139480,0.05816884820090978,0.042912198052338466,2,31,2025-11-27,2025-10-28
2026-09-21,140410,-0.019217922971048605,0.002330656539279195,271,182,2025-11-27,2025-10-28
2026-09-21,140860,0.027415726882790783,0.02073737445713259,91,98,2025-11-27,2025-10-28
2026-09-21,141080,0.0482295550577767,0.05428830681040325,10,17,2025-11-27,2025-10-28
2026-09-21,145020,0.03257945321449164,0.04913554531162386,65,23,2025-11-27,2025-10-28
2026-09-21,160190,-0.10341395556339299,-0.11653753054370397,344,342,2025-11-27,2025-10-28
2026-09-21,161390,0.04423541110888989,0.018781249473093373,21,109,2025-11-27,2025-10-28
2026-09-21,161580,-0.015707187266391146,-0.048827475208847636,263,316,2025-11-27,2025-10-28
2026-09-21,161890,-0.008605886730236417,-0.032066395958867185,245,299,2025-11-27,2025-10-28
2026-09-21,166090,0.009688952201049886,0.02264432241414823,176,90,2025-11-27,2025-10-28
2026-09-21,171090,0.00842144870225476,0.011439085433521403,182,144,2025-11-27,2025-10-28
2026-09-21,175330,0.028758375809550048,-0.008515545683129021,83,225,2025-11-27,2025-10-28
2026-09-21,178320,-0.02598026212293095,-0.05463401127032311,291,321,2025-11-27,2025-10-28
2026-09-21,180640,0.015243637416653816,-0.009778188442389207,156,228,2025-11-27,2025-10-28
2026-09-21,181710,0.04601223728446559,0.0013724458665906349,16,185,2025-11-27,2025-10-28
2026-09-21,183300,-0.00382126787190314,-0.012751466075177187,232,238,2025-11-27,2025-10-28
2026-09-21,189300,0.02231490521760273,0.060424907569619137,119,12,2025-11-27,2025-10-28
2026-09-21,192820,0.002836028159992095,-0.027846721277210745,204,290,2025-11-27,2025-10-28
2026-09-21,195870,-0.007723697843298104,-0.017907731384784856,241,258,2025-11-27,2025-10-28
2026-09-21,195940,0.0460575611562807,0.02670855968634824,15,74,2025-11-27,2025-10-28
2026-09-21,196170,0.03632709726331181,0.03900360077187295,50,47,2025-11-27,2025-10-28
2026-09-21,204270,-0.020332419490080352,-0.014464775083600867,276,241,2025-11-27,2025-10-28
2026-09-21,204320,0.01960080671177717,0.0156123034466416,128,127,2025-11-27,2025-10-28
2026-09-21,207940,0.036835644382305674,0.025195728830661204,49,81,2025-11-27,2025-10-28
2026-09-21,213420,0.03734256623747586,0.0857732206098167,45,3,2025-11-27,2025-10-28
2026-09-21,214150,0.057601437651134214,0.08705428021591255,3,2,2025-11-27,2025-10-28
2026-09-21,214450,-0.0007100895761713872,0.008066029804493918,217,158,2025-11-27,2025-10-28
2026-09-21,218410,-0.02772931316102846,-0.024822423407844036,294,279,2025-11-27,2025-10-28
2026-09-21,222800,-0.052347282380806666,-0.05431953862459347,323,319,2025-11-27,2025-10-28
2026-09-21,226950,-0.018898457890005847,-0.045572204268928676,270,311,2025-11-27,2025-10-28
2026-09-21,229640,-0.0801194124599668,-0.04631801185517765,335,312,2025-11-27,2025-10-28
2026-09-21,232140,-0.02303879589743724,-0.07073946758952745,280,329,2025-11-27,2025-10-28
2026-09-21,237690,0.05015730678105589,0.06288550918303926,8,9,2025-11-27,2025-10-28
2026-09-21,240810,-0.030694672696902865,-0.023001156740552316,297,274,2025-11-27,2025-10-28
2026-09-21,241560,0.025783316908386644,0.02080618454140125,96,97,2025-11-27,2025-10-28
2026-09-21,241710,0.03765352655820275,-0.006410442877293385,44,222,2025-11-27,2025-10-28
2026-09-21,247540,0.022098841903991466,0.019919155165784824,121,102,2025-11-27,2025-10-28
2026-09-21,251270,0.02742000754679391,0.061818472132201804,90,10,2025-11-27,2025-10-28
2026-09-21,251970,0.0255575363226726,-0.016620268034537714,97,253,2025-11-27,2025-10-28
2026-09-21,252990,-0.017558661138825486,-0.06653914562449774,265,328,2025-11-27,2025-10-28
2026-09-21,257720,0.010301005461254058,0.012608917741568477,174,140,2025-11-27,2025-10-28
2026-09-21,259960,0.051101994266067895,0.028843697758268217,6,68,2025-11-27,2025-10-28
2026-09-21,263750,0.0028370868352181563,0.014422387257414739,203,133,2025-11-27,2025-10-28
2026-09-21,267250,0.0037174161808954777,-0.005514793600527241,200,215,2025-11-27,2025-10-28
2026-09-21,267260,0.007731795155972181,0.017818534394934138,183,114,2025-11-27,2025-10-28
2026-09-21,267270,0.020050045942334387,0.0013680458716906869,125,186,2025-11-27,2025-10-28
2026-09-21,271560,0.045399464910216666,0.007768726173832987,18,159,2025-11-27,2025-10-28
2026-09-21,272210,-0.04271447731597234,-0.035209073392870306,314,301,2025-11-27,2025-10-28
2026-09-21,277810,0.0020629848201414256,0.02086571277699105,208,96,2025-11-27,2025-10-28
2026-09-21,278470,0.004745548819619904,-0.006000627101022631,196,217,2025-11-27,2025-10-28
2026-09-21,279570,0.0252675771800846,0.014477316941154186,100,132,2025-11-27,2025-10-28
2026-09-21,280360,-0.001043896961324463,-0.026082101640060376,218,286,2025-11-27,2025-10-28
2026-09-21,281740,0.04727658935351299,0.07028571168924369,11,7,2025-11-27,2025-10-28
2026-09-21,281820,-0.03684802797024009,-0.001678292357810796,308,197,2025-11-27,2025-10-28
2026-09-21,282330,0.025299933032214953,-0.014282633072756745,99,240,2025-11-27,2025-10-28
2026-09-21,285130,0.006471046259261995,0.001963289804480156,186,184,2025-11-27,2025-10-28
2026-09-21,290650,0.03613362565505331,0.0011637836116242266,53,188,2025-11-27,2025-10-28
2026-09-21,293490,0.004124791099285112,0.0176576816352423,198,116,2025-11-27,2025-10-28
2026-09-21,294870,0.030894393535584968,-0.0162712534511487,74,252,2025-11-27,2025-10-28
2026-09-21,295310,-0.05095917177933347,-0.055725209053589214,322,323,2025-11-27,2025-10-28
2026-09-21,298020,0.023282686907259355,0.021125635369495813,113,95,2025-11-27,2025-10-28
2026-09-21,298040,-0.021597125812529646,0.008890796284472861,279,154,2025-11-27,2025-10-28
2026-09-21,298380,0.030718268206739598,0.035001293309117665,75,55,2025-11-27,2025-10-28
2026-09-21,307950,0.044966116683516945,0.04545564853758417,19,26,2025-11-27,2025-10-28
2026-09-21,310210,-0.000318080253635562,-0.025941744046783538,214,283,2025-11-27,2025-10-28
2026-09-21,316140,0.01663731404159312,-0.009933589017800294,150,230,2025-11-27,2025-10-28
2026-09-21,319400,0.005118128657418885,0.007508713058471612,193,161,2025-11-27,2025-10-28
2026-09-21,319660,-0.03673036915469078,-0.02851003660421677,307,292,2025-11-27,2025-10-28
2026-09-21,322000,-0.011199447291658315,-0.02483739565643588,250,280,2025-11-27,2025-10-28
2026-09-21,323280,-0.002897863420099512,0.007664757940295739,227,160,2025-11-27,2025-10-28
2026-09-21,323410,0.04597791987086056,0.02736993167358365,17,73,2025-11-27,2025-10-28
2026-09-21,326030,0.03189867384776867,0.053833951704047055,69,18,2025-11-27,2025-10-28
2026-09-21,327260,-0.04908659897622307,-0.112270713355915,319,341,2025-11-27,2025-10-28
2026-09-21,328130,-0.0503682990590579,-0.015261671904373634,320,247,2025-11-27,2025-10-28
2026-09-21,329180,0.023765476094593427,0.02332888417266992,108,89,2025-11-27,2025-10-28
2026-09-21,336260,-0.07460088178219934,-0.04694424973343766,332,314,2025-11-27,2025-10-28
2026-09-21,347700,-0.09020319469687804,-0.09189726753099638,339,336,2025-11-27,2025-10-28
2026-09-21,347850,0.02358690500750382,-0.004562290318497665,110,209,2025-11-27,2025-10-28
2026-09-21,352820,0.0292398999555368,0.0362761862476601,82,52,2025-11-27,2025-10-28
2026-09-21,353200,0.027250150150758268,-0.004403418801466106,93,207,2025-11-27,2025-10-28
2026-09-21,356860,-0.04698381599185771,-0.05611275190333908,317,324,2025-11-27,2025-10-28
2026-09-21,357780,0.0063304068188639925,0.009328911368545611,187,152,2025-11-27,2025-10-28
2026-09-21,358570,-0.004739144621987348,0.019696454533588488,233,103,2025-11-27,2025-10-28
2026-09-21,361610,-0.012735101664143052,-0.04244296912597531,253,308,2025-11-27,2025-10-28
2026-09-21,373220,0.003289836354285986,-0.0007949092037965264,201,196,2025-11-27,2025-10-28
2026-09-21,375500,0.010909487187457293,-0.027353000845158144,171,288,2025-11-27,2025-10-28
2026-09-21,377300,0.018974686855228472,0.02652417242861386,134,75,2025-11-27,2025-10-28
2026-09-21,383220,0.038715160324960064,0.03908735531006428,42,46,2025-11-27,2025-10-28
2026-09-21,402340,-0.03151760524272441,-0.021507881039885265,299,273,2025-11-27,2025-10-28
2026-09-21,403870,-0.018523028098137703,-0.02029011096701707,269,266,2025-11-27,2025-10-28
2026-09-21,417200,-0.028879580522877993,-0.0019030469041995005,296,199,2025-11-27,2025-10-28
2026-09-21,420770,0.031426740051740336,-0.004434445898218831,72,208,2025-11-27,2025-10-28
2026-09-21,425420,-0.03611304314041178,-0.030865697674346597,305,298,2025-11-27,2025-10-28
2026-09-21,437730,-0.09047066296164101,-0.0767508162236657,340,330,2025-11-27,2025-10-28
2026-09-21,440110,-0.035344390237107705,-0.07802332236485378,302,331,2025-11-27,2025-10-28
2026-09-21,443060,0.009633827649966141,-0.01805969069358435,177,260,2025-11-27,2025-10-28
2026-09-21,445680,0.011806724325694486,0.004884489375117419,167,171,2025-11-27,2025-10-28
2026-09-21,450080,0.03195668177709603,0.06536824218526002,68,8,2025-11-27,2025-10-28
2026-09-21,454910,0.0022141352970561127,-0.015070822081251711,206,245,2025-11-27,2025-10-28
2026-09-21,457190,0.017872293424116694,0.032114530667393615,143,61,2025-11-27,2025-10-28
2026-09-21,458870,0.018819128398372513,0.03388597788069151,135,57,2025-11-27,2025-10-28
2026-09-21,466100,0.0020198657440216724,0.03707558221427444,209,51,2025-11-27,2025-10-28
2026-09-21,475150,-0.07620839956930088,-0.08840050617767804,333,334,2025-11-27,2025-10-28
2026-09-21,475830,-0.035146002882964114,0.024832175630422226,301,84,2025-11-27,2025-10-28
2026-09-21,476060,-0.014121653462918155,-0.03232693293366155,258,300,2025-11-27,2025-10-28
2026-09-21,476830,0.020768165519331156,0.01461966410736003,122,131,2025-11-27,2025-10-28
2026-09-21,483650,0.003175016088238307,0.0008892368897392314,202,190,2025-11-27,2025-10-28
2026-09-21,489790,0.011673333288346889,0.016487004817295123,168,123,2025-11-27,2025-10-28
2026-09-21,491000,0.03966954093673058,0.04051480355588915,38,38,2025-11-27,2025-10-28
2026-09-21,950160,-0.0419008239026421,-0.04177682866950981,313,307,2025-11-27,2025-10-28
2026-09-21,950260,-0.09090682345775854,-0.06467697121138342,341,326,2025-11-27,2025-10-28
